date,url,rating,user,opinion
on 4 June 2018,/gp/customer-reviews/R1EE9ZHENLSCD7?ASIN=B01DDP7D6W,4,Ravindra,Good working condition super
on 25 October 2017,/gp/customer-reviews/R1F0PG0SRI4CJA?ASIN=B01DDP7D6W,4,Munna,Good mobile good price
on 4 January 2017,/gp/customer-reviews/R2IZVIOADQD6EV?ASIN=B01DDP7D6W,5,vipin,Nice product...fast delivery
on 5 October 2017,/gp/customer-reviews/RW291B6TD889M?ASIN=B01DDP7D6W,5,Amazon Customer,Good product..
on 18 August 2017,/gp/customer-reviews/RQAMDKFX16V53?ASIN=B01DDP7D6W,3,Amazon Customer,Delivery was good.On this price best budget phone
on 30 October 2017,/gp/customer-reviews/R12M21FXXJGUE?ASIN=B01DDP7D6W,5,anup brahmachari,very ggod product at this price.
on 14 April 2017,/gp/customer-reviews/R2UNFDNVBEIPMY?ASIN=B01DDP7D6W,4,Amazon Customer,Nice phone ever nd never hang this phone.. samsung best smart nd chepest phone ever..
on 12 January 2017,/gp/customer-reviews/R20ED4WVNDCPHV?ASIN=B01DDP7D6W,1,Amazon Customer,Not good my phone touch in not smoothly........but other Android phones are very good touch qualityAnd bettery is not good also....Dont buy this phone
on 22 June 2017,/gp/customer-reviews/R1M656HS9DTIGM?ASIN=B01DDP7D6W,2,Amazon Customer,Just purchsed before one and half month and phone charger is ntt working.
on 21 December 2016,/gp/customer-reviews/R2JTKJX8R6V2MM?ASIN=B01DDP7D6W,4,Amazon Customer,"It's a good phone for that price......But it gets slow sometimes, on heavy use or by opening 2 or more apps at a time....."
date,url,rating,user,opinion
on 8 March 2018,/gp/customer-reviews/R4W2853PB9LTU?ASIN=B01DDP7D6W,1,SUDHIR SINGH,Worst ever mobile. The battery drains very fast. If available I would have given minus rating.
on 1 June 2017,/gp/customer-reviews/R1RZU2L9EFNFNH?ASIN=B01DDP7D6W,4,Love Gupta,Good
on 23 May 2017,/gp/customer-reviews/R3BDUBM37YAMLZ?ASIN=B01DDP7D6W,4,Sudipta Dey,A good product but the battery  runs out quickly.
on 25 July 2018,/gp/customer-reviews/R3D5PL8RFTJSMD?ASIN=B01DDP7D6W,5,Charm boy,Genuine products at affordable price
on 15 April 2018,/gp/customer-reviews/R2KR08OG75WNWB?ASIN=B01DDP7D6W,1,Harikrishnan,"DoNt buy thIS Mobile,Totalay waste of Your mONEY,hanging this mOBILE AND Not working This mObile,"
on 2 July 2018,/gp/customer-reviews/R3EKJZUWZ6TXEH?ASIN=B01DDP7D6W,1,E SHANMUGA SUNDARAM,Received without ear phone - many of the inbuilt apps including facebook does not work
on 24 March 2018,/gp/customer-reviews/R3EDQ83GW8KR3U?ASIN=B01DDP7D6W,1,Vasanthi,"There is frequent variation  in the  prize of pro 7 gold posted,  Confirm corrrct prize of the item."
on 25 September 2016,/gp/customer-reviews/RUMD36M6NLUAQ?ASIN=B01DDP7D6W,4,Mohd Arshad,Go and buy without hesitate
on 7 April 2018,/gp/customer-reviews/R2O55LO3H9HLJ7?ASIN=B01DDP7D6W,5,Rakesh Tewari,"Good product but hving problems in storage sd card memory, there is no default storage at sd card."
on 12 August 2018,/gp/customer-reviews/R2XGFJTIQ066YY?ASIN=B01DDP7D6W,5,Rakesh Mech,Lower rate.but I am lucky.
date,url,rating,user,opinion
on 28 September 2017,/gp/customer-reviews/R2AMTBLHHTQNJN?ASIN=B01DDP7D6W,5,Amazon Customer,nice
on 30 July 2018,/gp/customer-reviews/R3GVFLQZISH5RX?ASIN=B01DDP7D6W,3,Shabby_fav,I dont like the material quality.... n packeging...and not recieved any headphone.
on 13 September 2016,/gp/customer-reviews/R2ITAF5UNLD4OT?ASIN=B01DDP7D6W,5,Amazon Customer,Its the best product by samsung in economy price. And amazon is the best way for online shopping.
on 6 June 2018,/gp/customer-reviews/RN9EWEZ9NUBK4?ASIN=B01DDP7D6W,1,Suryakiran Marathe,We got the phone but not got his earphones...please look after the matter
on 27 November 2016,/gp/customer-reviews/RRCPJ399JD40W?ASIN=B01DDP7D6W,5,Sandeep Ghosh,Excellent
on 22 May 2018,/gp/customer-reviews/R1RVTGVLAX3K5K?ASIN=B01DDP7D6W,1,M.S.ANSARI,Hang problem
on 26 April 2017,/gp/customer-reviews/R3F9UBR3YPJL5F?ASIN=B01DDP7D6W,4,Amazon Customer,Decent product
on 25 September 2018,/gp/customer-reviews/R2E6QIRHDY0G51?ASIN=B01DDP7D6W,5,Naveenkumar,Bought for my mother and really worth it
on 10 December 2016,/gp/customer-reviews/R3RVD1OB8O9QPD?ASIN=B01DDP7D6W,5,nikhat banu,It's best
on 21 April 2018,/gp/customer-reviews/RJXGOLG3BQZ5E?ASIN=B01DDP7D6W,3,Prasad anand,Good phone...  worth of money...Camera clarity is not too good...
date,url,rating,user,opinion
on 12 June 2018,/gp/customer-reviews/R1JVEFS9P8SU8X?ASIN=B01DDP7D6W,4,Arnab,Design is well and camera quality is decent......RAM management is bad....
on 1 May 2018,/gp/customer-reviews/R1NOJPX5J1PO0C?ASIN=B01DDP7D6W,1,LOKESH SHETTY,Heating issues exist even in new.
on 27 August 2018,/gp/customer-reviews/R1G6YKOR554EUM?ASIN=B01DDP7D6W,1,J,Overall performance not satisfied. Should have bin much better!
on 30 August 2017,/gp/customer-reviews/R2GQSU18Y41RHB?ASIN=B01DDP7D6W,1,khandoji rao,I purchase this mobile after 8 months BATTERY is ded
on 15 January 2017,/gp/customer-reviews/R26TDMITHU6S9P?ASIN=B01DDP7D6W,5,Md Ayaz Ahmed,Good
on 27 March 2018,/gp/customer-reviews/R1BWT96QJD93D5?ASIN=B01DDP7D6W,5,mukesh patel,best mobail on 6990
on 5 October 2016,/gp/customer-reviews/R2W8KKWSF960H?ASIN=B01DDP7D6W,4,Amazon Customer,Basic phone at this price range. Little bit bulky. Good  battery life. Camera quality ok Very less options no scene mode. Speaker volume very less. Display resolution average.
on 24 July 2018,/gp/customer-reviews/R11ZEKXHNGS24O?ASIN=B01DDP7D6W,5,shashi dhar,Very good
on 30 May 2018,/gp/customer-reviews/R3SRFTKPR451HV?ASIN=B01DDP7D6W,4,Tanmaya Bagh,Must buy this.at this price a samsung phone is ok.
on 5 February 2017,/gp/customer-reviews/R3P2ZACD7N983O?ASIN=B01DDP7D6W,5,Jamal,Mobile is okWorking good..
date,url,rating,user,opinion
on 4 September 2017,/gp/customer-reviews/R2MKGYDEZ9LURK?ASIN=B01DDP7D6W,4,Mahaveer Prasad,USING FOR LAST 3 MONTHS.SATISFIED WITH PERFORMANCE.
on 24 June 2018,/gp/customer-reviews/RJMFXZXJ7S17A?ASIN=B01DDP7D6W,4,Logesh,compact this one.. function are goodSamsung On7 Pro (Gold)
on 13 January 2017,/gp/customer-reviews/R2MOBM9W5ELUSC?ASIN=B01DDP7D6W,5,murali,Good mobile
on 28 May 2018,/gp/customer-reviews/R1RUJ4VVW1OCVT?ASIN=B01DDP7D6W,1,Onkar Jantre,"Phone started getting hang just after 2-3 months , seems to be like old Samsung smartphone"
on 16 January 2017,/gp/customer-reviews/R29SWG2JRF5SGU?ASIN=B01DDP7D6W,5,Amazon Customer,excellent product of Samsung without hanging and heating.best phone i have ever used.just  love it.
on 3 December 2016,/gp/customer-reviews/R194WP0R1FJ9BO?ASIN=B01DDP7D6W,4,Motilal dehury,varyyyy Good nic-----------pc
on 15 November 2016,/gp/customer-reviews/R26H0836FXOT37?ASIN=B01DDP7D6W,4,vicky,Nice product .working very fine till . I advice everyone to go for it.
on 16 February 2018,/gp/customer-reviews/R3C1GLJ1UAW1G0?ASIN=B01DDP7D6W,1,Amazon Customer,"Ee sarwa bahot hang marat ba... This is poor quality phone made by Samsung, I recommend plz dont buy it."
on 19 August 2018,/gp/customer-reviews/R33I228658TLJW?ASIN=B01DDP7D6W,5,Bhushan yashwant nikure,5 star for on 7 pro......
on 9 July 2018,/gp/customer-reviews/R1FJWS0JLDIX3R?ASIN=B01DDP7D6W,4,Dr m.,Excellent as per expected
date,url,rating,user,opinion
on 5 August 2017,/gp/customer-reviews/RFGX36XAOG0VT?ASIN=B01DDP7D6W,3,Shravan,Its has a basic touch and basic featuresDont expect much .
on 6 April 2018,/gp/customer-reviews/R3R084TKHYTRWB?ASIN=B01DDP7D6W,4,Monu Razz,Very very nic product
on 28 July 2018,/gp/customer-reviews/R27THJ8XEYRVY1?ASIN=B01DDP7D6W,5,Shakil,Worth it
on 16 August 2017,/gp/customer-reviews/RONI33KICMXZM?ASIN=B01DDP7D6W,2,NARENDRA,it takes so much time to fully charged approx 3 and half hours
on 27 April 2018,/gp/customer-reviews/R1RIUZ47GVCF0G?ASIN=B01DDP7D6W,3,Muniraja M,Phone look is good ' but heating issues in this phone.
on 17 October 2017,/gp/customer-reviews/R1T8ZVXO4O1DS5?ASIN=B01DDP7D6W,5,Deepak Singh,I received the product and product is nice.
on 24 January 2018,/gp/customer-reviews/RBJG9J6W6EYKZ?ASIN=B01DDP7D6W,5,Prasenjit Haldar,Good from all angles.
on 16 April 2018,/gp/customer-reviews/R33WLE6XZLUVL5?ASIN=B01DDP7D6W,4,RAJIB MORAN,Very Good Product at a cheep price.No other comparision is there with this device
on 17 August 2018,/gp/customer-reviews/R6X20H8I2NIMS?ASIN=B01DDP7D6W,1,manikanta,It does not contain headset in the box.
on 2 October 2017,/gp/customer-reviews/R1V6WJSVYACISR?ASIN=B01DDP7D6W,4,Amazon Customer,Mobile is good.There is no lagging but camera is not up to the mark when compared with my previous mobile (lenovo k3 note).
date,url,rating,user,opinion
on 25 November 2017,/gp/customer-reviews/R2NUR3HZCANHUL?ASIN=B01DDP7D6W,1,KIDIM INDIA,can be avoided
on 25 November 2016,/gp/customer-reviews/R2KLQYGPMHAEKX?ASIN=B01DDP7D6W,5,Sameer Kumar Bhoi,Good Mobile.
on 22 April 2018,/gp/customer-reviews/R30EHTXHHN58W8?ASIN=B01DDP7D6W,5,Nil..,"Good deal, better than mobile shop....."
on 12 October 2017,/gp/customer-reviews/R3OPNLOT3RRF4T?ASIN=B01DDP7D6W,4,B.sathish,Good
on 23 September 2016,/gp/customer-reviews/R3EGWN86VX11SG?ASIN=B01DDP7D6W,2,Amazon Customer,I am a samsung user this phone is almost very gud in performance and camera but it has a heating issue and made with cheap material
on 9 September 2018,/gp/customer-reviews/R1KDV7W7EAWWNW?ASIN=B01DDP7D6W,4,Naveen,Best mobile under 8 thousandGood looking with decent performance
on 25 February 2017,/gp/customer-reviews/R1Z8A5XKIY3IHZ?ASIN=B01DDP7D6W,5,Yogendra Tripathi,amazing phone but display looks dull when campare to my on5
on 18 November 2017,/gp/customer-reviews/RH2NSZE27545V?ASIN=B01DDP7D6W,1,TUTUN NANDY,Defective one. MicroSD card is not supported.
on 21 October 2017,/gp/customer-reviews/R3B1X8TV3F5KU9?ASIN=B01DDP7D6W,4,Subrata Dhara,I was purchased it on 12.10.17....in my view  its very good ph...camera is very good quality...bt battery isn't  good...
on 1 December 2016,/gp/customer-reviews/RI61II8L0H1OM?ASIN=B01DDP7D6W,5,AVIK SABUI,Product good
date,url,rating,user,opinion
on 19 June 2018,/gp/customer-reviews/R2R1O8DO65FQ93?ASIN=B01DDP7D6W,5,Amazon Customer,india best mobiel on7pro........
on 10 February 2017,/gp/customer-reviews/RV36GGDVA6THM?ASIN=B01DDP7D6W,5,Amazon Customer,VERY GOOD MOBILE
on 14 January 2017,/gp/customer-reviews/R1O63JP3XANMA7?ASIN=B01DDP7D6W,5,Amazon Customer,Average phone
on 8 February 2017,/gp/customer-reviews/R2VGC8DSGS1MAO?ASIN=B01DDP7D6W,5,anwesha,Nice mobile
on 1 August 2018,/gp/customer-reviews/RWILAK70YAD51?ASIN=B01DDP7D6W,5,Amazon Customer,Great quality
on 4 November 2016,/gp/customer-reviews/R2XKBSBR5FL4OG?ASIN=B01DDP7D6W,5,Amazon Customer,This mobile phone on 7pro better than j7 ..7 looking like this old phone but on 7pro looking a new and stylish so this phone is better and lowest price
on 24 May 2017,/gp/customer-reviews/R1N7E8VJMWR9KY?ASIN=B01DDP7D6W,4,Amazon Customer,excellent feature in affordable price... Really good purchase...
on 2 October 2017,/gp/customer-reviews/R1VD3OLLEFMUB?ASIN=B01DDP7D6W,1,Amazon Customer,Not good. Hangs a lot. Waste of money
on 23 May 2018,/gp/customer-reviews/R15XANGX1XEFE3?ASIN=B01DDP7D6W,5,VIRAZ,thanks amazon to give these phone in offer it is very precious...
on 5 May 2018,/gp/customer-reviews/R34YSSPXVJVZMV?ASIN=B01DDP7D6W,3,souvik banerjee,Data cable has been damaged within 1 month of buying. I need it to replace.  Please help me.
date,url,rating,user,opinion
on 7 October 2017,/gp/customer-reviews/R1F2KUURUKTDQB?ASIN=B01DDP7D6W,4,Amazon Customer,Good
on 7 November 2017,/gp/customer-reviews/R3M28U34HSDD24?ASIN=B01DDP7D6W,5,Amazon Customer,Good product with moderate value of money.
on 30 September 2018,/gp/customer-reviews/R1U9CHBCL74CHK?ASIN=B01DDP7D6W,5,Amazon Customer,But battery backup poor.
on 16 June 2018,/gp/customer-reviews/RH9WRVMLAZ6V2?ASIN=B01DDP7D6W,1,Amazon Customer,Missed the return wh due by a day. Phone gets heated and cannot be even put to the ear
on 8 January 2017,/gp/customer-reviews/RF0OK3GZ58CH8?ASIN=B01DDP7D6W,1,Amazon Customer,Worst phone all ways it is strucking. Fully unsatisfied. Even Amazon people didn't supported to me.
on 26 September 2016,/gp/customer-reviews/R125B1WSTJCY9U?ASIN=B01DDP7D6W,5,Sameer,wow
on 19 February 2017,/gp/customer-reviews/R1V7K0XEUWAJ0X?ASIN=B01DDP7D6W,4,Amazon Customer,"After 1 week using i am writing my view. This is good product. Camer , sound quailty is nice. Battery good. Headfone sound also nice. Overall good product"
on 28 January 2018,/gp/customer-reviews/R28Y6EJNJ19BR9?ASIN=B01DDP7D6W,5,Rajesh jha,Nice product all function of the mobile are good. I am very happy
on 31 January 2018,/gp/customer-reviews/R2TIMYVY4C775B?ASIN=B01DDP7D6W,5,Anil30,Satisfied
on 16 November 2017,/gp/customer-reviews/R1URSKFBF4G4GQ?ASIN=B01DDP7D6W,5,Irshad,Best A++++
date,url,rating,user,opinion
on 20 August 2017,/gp/customer-reviews/RC0ZH3VXDH4PV?ASIN=B01DDP7D6W,1,Mayur patel,Earphone is missingI case of you
on 25 April 2018,/gp/customer-reviews/RRK6I8EM6CG1H?ASIN=B01DDP7D6W,1,Abhishek Verma,"very bad experience with this phone , touch not good, hang problem , battery back up not good"
on 6 March 2018,/gp/customer-reviews/R1K5SYYSUN7GPF?ASIN=B01DDP7D6W,1,Amazon Customer,Worst Phone..... The phone gets hanged.... restarts several times.... Battery Backup is too less....
on 24 March 2018,/gp/customer-reviews/R1J7L3NTS2J622?ASIN=B01DDP7D6W,5,Nijeesh,Good Product
on 17 August 2018,/gp/customer-reviews/R3BSX2RM3AAT2Y?ASIN=B01DDP7D6W,1,sandip,"I got a bad phone, its sim 2 slot stopped working in just 10-15 days."
on 27 October 2017,/gp/customer-reviews/R1LAJK4KXBT7MM?ASIN=B01DDP7D6W,5,RAJESH SEHGAL,Good and quality mobile in less price
on 31 January 2018,/gp/customer-reviews/R2J36S16HV5FDG?ASIN=B01DDP7D6W,4,Naveen NM,Good
on 26 November 2017,/gp/customer-reviews/R3U8KZQXEO0CIK?ASIN=B01DDP7D6W,5,Amazon Customer,Unbelavable price very nice phone
on 13 September 2018,/gp/customer-reviews/R2ZYNEFKK03K0Q?ASIN=B01DDP7D6W,5,Manshiram mali ,Good
on 6 September 2018,/gp/customer-reviews/R1918UXJJ6EIC7?ASIN=B01DDP7D6W,5,Ram Dinesh Singh,Nice
date,url,rating,user,opinion
on 10 September 2017,/gp/customer-reviews/R3SA1KV6JZ92MT?ASIN=B01DDP7D6W,3,Harsh,The battery gets down after charging when left untouched
on 26 August 2018,/gp/customer-reviews/ROGYQC9UFSCJU?ASIN=B01DDP7D6W,4,Swati,Mobile is aswm ... picture quality also good .but I didn't get earphone ...ü§î
on 12 April 2018,/gp/customer-reviews/R3TMMDN7R1VKP2?ASIN=B01DDP7D6W,5,Shashi,Super fast delivery as usual phone is a bit lag but no worries
on 4 December 2016,/gp/customer-reviews/R1DZMZ4OBTEXAH?ASIN=B01DDP7D6W,1,Amazon Customer,"I never suggest samsung mobile I have on7pro and on5pro both.... very bad camera,very bad quality of body, screen light quality don't buy"
on 19 April 2018,/gp/customer-reviews/R3SESS275DXUZ1?ASIN=B01DDP7D6W,4,Divya,Nic phone..thanku
on 28 January 2018,/gp/customer-reviews/R1WF06S8B0ZRDF?ASIN=B01DDP7D6W,4,Amazon Customer,Very nice budget phone...Both front and rear Camera quality is gr8
on 2 October 2018,/gp/customer-reviews/R3RYO4LJD7060Z?ASIN=B01DDP7D6W,5,V.Chandrashekhar,Good phone
on 16 July 2018,/gp/customer-reviews/R14X87SHBSUNV3?ASIN=B01DDP7D6W,5,Amazon Customer,nice phone
on 5 August 2018,/gp/customer-reviews/RVZ91SHCLDXZU?ASIN=B01DDP7D6W,5,BISHAL DAS,I BOUGHT THIS FOR MY OFFICE PARTNER.HE IS VERY HAPPY..GOOD DELIVERY...
on 28 August 2017,/gp/customer-reviews/R12OLA2ZCPD3IO?ASIN=B01DDP7D6W,4,Sampat  I,Good at this price range
date,url,rating,user,opinion
on 16 May 2018,/gp/customer-reviews/R18IH1SV0XCQMS?ASIN=B01DDP7D6W,3,Sachin rajeshbhai yagnik,Rear and Front Camera quality not good. Poor Flash light . Battery life is small.
on 24 December 2016,/gp/customer-reviews/R30TF3RAIIZHF3?ASIN=B01DDP7D6W,3,Krishnegowda N,But I not received Travailing charger adapter.
on 12 April 2018,/gp/customer-reviews/RJUKIDHO322ZR?ASIN=B01DDP7D6W,3,Priyank Sirohi,just ok
on 27 February 2017,/gp/customer-reviews/R3I6ZI6AT0GDUR?ASIN=B01DDP7D6W,1,h.SHAHINSHA,"Charging dry in 40% in 4 hours without data on, please replace the mobile"
on 27 July 2018,/gp/customer-reviews/R2ZTFPX2E7XPN7?ASIN=B01DDP7D6W,5, satyaki malla,Best samsung mobile at tgis price range nice specification.üëçüëç
on 24 April 2018,/gp/customer-reviews/RUVAZ3KQRSSL6?ASIN=B01DDP7D6W,4,Sohan,Ear phone not given please send me earphone other wise give price of ear phone
on 8 February 2018,/gp/customer-reviews/R1EP5B9KGCBOX6?ASIN=B01DDP7D6W,5,vikash sharma,Awesome
on 13 March 2018,/gp/customer-reviews/R2TF1ENMKXKCTG?ASIN=B01DDP7D6W,2,Pugazhendhi,Received a defective headphone device along with the phone
on 14 April 2017,/gp/customer-reviews/R33CCWUSC3B816?ASIN=B01DDP7D6W,3,Hitendra S.,Product is  good  but sound quality of the product is very  worst
on 6 September 2018,/gp/customer-reviews/R1KNSPT0IBDQ5Z?ASIN=B01DDP7D6W,5,Satyajit,Good as expected
date,url,rating,user,opinion
on 18 April 2018,/gp/customer-reviews/R3AIQQKBTYOCQX?ASIN=B01DDP7D6W,3,Raavan,It doesn't have ear headphones.
on 19 February 2018,/gp/customer-reviews/RV24AC1MWOIRP?ASIN=B01DDP7D6W,2,bharath,Facing Speaker problem...
on 24 September 2017,/gp/customer-reviews/R1YYH9C1CR21EU?ASIN=B01DDP7D6W,5,vinay yadav,badhiya h.....
on 19 November 2016,/gp/customer-reviews/R2AVSPOGWRN33I?ASIN=B01DDP7D6W,5,sivaganesh,Samsung on7pro gold mobile got for9990 from amazon. Excellent mobile.13mp camera2gb ram16gb internal memory.No cons i felt.
on 20 December 2016,/gp/customer-reviews/RWL8UAXIO7L5A?ASIN=B01DDP7D6W,1,nitesh dhul,Worst product ever got. Not working... hanging alot.... return not initiated by amazon... they said some policy has changed and they can only arrange replacement
on 24 January 2018,/gp/customer-reviews/RB7G0VMU6PQ2J?ASIN=B01DDP7D6W,5,Birbal Sahu,Good
on 19 August 2018,/gp/customer-reviews/R2P8X9CDX8P66F?ASIN=B01DDP7D6W,5,Amazon Customer,Good everything.Amazon delivery was very fast.
on 26 May 2018,/gp/customer-reviews/RXA9S9E4IXDWK?ASIN=B01DDP7D6W,5,Rashid,Nice phone...!
on 10 June 2018,/gp/customer-reviews/R34T2PTDD4XUH3?ASIN=B01DDP7D6W,5,VEMBARASAN V,Good product
on 26 June 2018,/gp/customer-reviews/R17Y5C8PNKXZ1A?ASIN=B01DDP7D6W,4,Praveen H P,good
date,url,rating,user,opinion
on 16 July 2018,/gp/customer-reviews/R1ADBNH3U9T196?ASIN=B01DDP7D6W,4,Smart_User,Amazing durable phone. Great camera for below 10k price.
on 24 February 2017,/gp/customer-reviews/R3C0T7CH7D6UV4?ASIN=B01DDP7D6W,5,Rajiv B.,GOOD
on 22 October 2017,/gp/customer-reviews/R1W4WXEUPSAYXE?ASIN=B01DDP7D6W,3,Anand Pal Yadav,Samsung phone so good. But after few month latter. I am facing huge problem that is hang within 3 hours.
on 22 July 2018,/gp/customer-reviews/RPLO5W3QKAH3?ASIN=B01DDP7D6W,1,Amazon Customer,Battary heat up &  switch off repeatedly.i m so borring
on 22 September 2018,/gp/customer-reviews/R1TTVQ8LHEOQ46?ASIN=B01DDP7D6W,5,Amazon Customer,Good phone for parents. Rough n tough build.
on 26 September 2017,/gp/customer-reviews/RB6Q9WQ5C7B9J?ASIN=B01DDP7D6W,4,prajakta,Value for money
on 4 December 2017,/gp/customer-reviews/R3D8LQ1C83AHH1?ASIN=B01DDP7D6W,5,MALICK THIAW,GOOD PRODUCT
on 24 October 2016,/gp/customer-reviews/R2BAQ1VKGD1XR5?ASIN=B01DDP7D6W,4,Amazon Customer,Everything is working 5ne but with tempered glass the touch is not effective ..otherthan that you can go for it .....but late charging bit heating issue though
on 25 September 2017,/gp/customer-reviews/R2FT2UWSCI851T?ASIN=B01DDP7D6W,5,Amazon Customer,Nice phone in less price with brand.
on 28 June 2018,/gp/customer-reviews/R19N8QF6SHV899?ASIN=B01DDP7D6W,5,Rakesh Singh,I like it very much and now in I am using itIt is a good phone . . .
date,url,rating,user,opinion
on 21 March 2018,/gp/customer-reviews/R105LU3B8GV9VN?ASIN=B01DDP7D6W,2,ravi narang,Battery backup is not good takes too much time to charge
on 9 June 2018,/gp/customer-reviews/R3RNOP11TVTYBW?ASIN=B01DDP7D6W,5,Anoop Sharma,Good phone
on 27 February 2018,/gp/customer-reviews/R2KSOACOWELXHQ?ASIN=B01DDP7D6W,2,Amazon Customer,There's no headphone ...this is handset it handed out without them... moreover the sound is too low
on 15 October 2017,/gp/customer-reviews/R2XG8O9ML6F7HG?ASIN=B01DDP7D6W,3,Chandan Roy,I placed my order for Samsung on 7 pro. But I was dispatched galaxy on 7 pro.  Why ?Are the both products same ?
on 24 April 2018,/gp/customer-reviews/RXM2D82E2P4V8?ASIN=B01DDP7D6W,4,Ravinder Chauhan,good
on 10 July 2017,/gp/customer-reviews/R389FP7B1POF9J?ASIN=B01DDP7D6W,4,SHIJU,good product....usince two weeks using this phone
on 2 April 2018,/gp/customer-reviews/R9NNAP7NWOCC3?ASIN=B01DDP7D6W,5,Govind,nice products but screen is blinking on low brightness
on 4 May 2018,/gp/customer-reviews/R1AWSJEZ71JKM1?ASIN=B01DDP7D6W,1,Lakshmi nadh,Not a good handset.Hanging continually.Charging is big issue.
on 6 October 2017,/gp/customer-reviews/R85HVYC53ERQW?ASIN=B01DDP7D6W,1,nirmal,Please change this .its not working.We go to to Samsung gallery.They are reddy to make D OPlease help
on 2 December 2017,/gp/customer-reviews/R73HULBIXJBN4?ASIN=B01DDP7D6W,5,Sukesh,Nice product
date,url,rating,user,opinion
on 13 July 2018,/gp/customer-reviews/R3R62EIAU7EZBT?ASIN=B01DDP7D6W,1,Vansh b.,Worst phone I have ever used in my life.
on 24 January 2018,/gp/customer-reviews/R3NLFJELXHFXD?ASIN=B01DDP7D6W,5,Nagamani,nice prodect and working very good
on 16 July 2018,/gp/customer-reviews/RUPR440CX57W7?ASIN=B01DDP7D6W,4,Jhuma Mondal,Sound medium
on 18 August 2018,/gp/customer-reviews/R3TX2Q4PS6GLTQ?ASIN=B01DDP7D6W,5,Tarakant,THIS MOBILE IS VERY GOOD AT THIS PRICE AND SUPPORT ROOT+XPOSED I LOVE THIS MOBILE
on 10 February 2017,/gp/customer-reviews/R3V9IG4VKPUR1Y?ASIN=B01DDP7D6W,5,Nimmi J.,Good phone. All the descriptions are to the point. One of the best phones in this price range.
on 27 May 2017,/gp/customer-reviews/R27T75HC3RHC2I?ASIN=B01DDP7D6W,2,Amazon Customer,Below average phone. Camera quality is very bad.
on 11 February 2018,/gp/customer-reviews/R3SIQLEPB4V81Y?ASIN=B01DDP7D6W,4,Sreya Mondal,I bought the item today......but didn't receive the earphone.......it was not in the pack:-(
on 24 August 2017,/gp/customer-reviews/RALWXWJ35OGOR?ASIN=B01DDP7D6W,5,SUBHASIS S.,Nice purchase.
on 8 May 2018,/gp/customer-reviews/R2LFFBW7HDW7U2?ASIN=B01DDP7D6W,5,SELVAKUMAR PALANIYAPPAN,i love it
on 14 October 2017,/gp/customer-reviews/R3NIR20GRRBD0G?ASIN=B01DDP7D6W,5,RAJIB...RB ARYAN.,On7 is all rightBut again charger cable not found in on5 pro gold products box
date,url,rating,user,opinion
on 24 April 2018,/gp/customer-reviews/RB4VORAL08XNR?ASIN=B01DDP7D6W,1,Kulveer Singh,Do not Buy this one. phone is heating alot.
on 7 May 2018,/gp/customer-reviews/R27FDWIKPTA7Y8?ASIN=B01DDP7D6W,4,Dinesh,If this model has finger print sensor mns it will be the best phone under budget
on 28 February 2017,/gp/customer-reviews/R1EFL172RC25XJ?ASIN=B01DDP7D6W,1,Amazon Customer,Getting hanged. I have just crossed 15 days n it started hanging. Wat to do . plz reply
on 27 January 2018,/gp/customer-reviews/R1LZSDI4SS8XCI?ASIN=B01DDP7D6W,5,Amazon Customer,good
on 18 February 2018,/gp/customer-reviews/RUQLYKLJ4YPT1?ASIN=B01DDP7D6W,5,M.Jayaraji,Good phone.supper network
on 24 January 2018,/gp/customer-reviews/R16K8MM5ABIP18?ASIN=B01DDP7D6W,4,Amazon Customer,Product is good . But packing is not good
on 31 May 2017,/gp/customer-reviews/R2JQ55DTH1R4HU?ASIN=B01DDP7D6W,5,Santu M.,Very good phone for gaming and chatting it's suppot FIFA 14 game easily. Very good service of Amazon and also I get Rs 100 gift voucher.
on 27 October 2017,/gp/customer-reviews/R2YC1E0Q6M8LD0?ASIN=B01DDP7D6W,1,somanath,within 2 months it  atomatically becomes dead...samsung care center replaces mother board...dont buy it
on 12 September 2018,/gp/customer-reviews/R2NSSCJDPWYWCU?ASIN=B01DDP7D6W,3,Anil Sharma,But Cost is high as per other phone specification.
on 18 May 2018,/gp/customer-reviews/R1SL61SJJ3WOK?ASIN=B01DDP7D6W,1,JAMI TIRUPATHI RAO,It's okay
date,url,rating,user,opinion
on 19 May 2018,/gp/customer-reviews/R2RGMTCHCSLX2T?ASIN=B01DDP7D6W,4,Amazon Customer,Nice mobile at low cost. Good working. Value of  Money
on 11 January 2017,/gp/customer-reviews/R11C9BZFTW90K3?ASIN=B01DDP7D6W,4,Arif Zaki Imam,Superb...phone in the price
on 28 December 2016,/gp/customer-reviews/R2HMYI28I0SB4G?ASIN=B01DDP7D6W,5,rahul,samsung again show the brand power. good camera. working smoothly. no lags. i am fully satisfied.
on 25 February 2017,/gp/customer-reviews/R2ZGARM5IPH88Z?ASIN=B01DDP7D6W,3,Amazon Customer,Only 2 points show in this device.but when i insert my sim card to another device it indicates full network.And satisfied with other functions.
on 24 September 2018,/gp/customer-reviews/RR549D4BUGUW1?ASIN=B01DDP7D6W,5,Rahul Kumar Dwivedi,In this price of Samsung this is good one.
on 4 November 2016,/gp/customer-reviews/R1LRUF27A0N4UA?ASIN=B01DDP7D6W,4,KAMAL K VERMA,Good
on 26 September 2017,/gp/customer-reviews/R1JTYLKUU59CW6?ASIN=B01DDP7D6W,5,Amazon Customer,a good budget phone...
on 2 January 2017,/gp/customer-reviews/R13OLYHPGZG3Q7?ASIN=B01DDP7D6W,5,harsha js,good speed good camera value for money samsung rocks.......
on 10 July 2018,/gp/customer-reviews/R3IFZ99LJ83OXA?ASIN=B01DDP7D6W,4,Priya R.,It is better phone than redmi Y2
on 30 March 2018,/gp/customer-reviews/R2PC0QNVU8NDKN?ASIN=B01DDP7D6W,5,M.Samanta,Amazing product...except RAM gathering
date,url,rating,user,opinion
on 28 September 2018,/gp/customer-reviews/R22T8PY2DZLMQE?ASIN=B01DDP7D6W,4,Gokul,A good budget mobile
on 22 May 2018,/gp/customer-reviews/R2ZLJU3221TAL0?ASIN=B01DDP7D6W,5,Chandra Shekara M,nice
on 2 November 2016,/gp/customer-reviews/R27D5YMAGD9GMT?ASIN=B01DDP7D6W,5,MOHAMMED HOSSAIN,good
on 19 December 2016,/gp/customer-reviews/R2WYTR5QQSXOHN?ASIN=B01DDP7D6W,2,Amazon Customer,Mobile is very good but many manufacturing defect is there
on 29 July 2018,/gp/customer-reviews/R3MK7WGXU1LMP1?ASIN=B01DDP7D6W,5,Pandu katwa,Very good
on 5 February 2017,/gp/customer-reviews/R3CRLASMB5UVOA?ASIN=B01DDP7D6W,5,HEMANTA CHETIA,nice product
on 11 March 2017,/gp/customer-reviews/R1X6IV30072YR4?ASIN=B01DDP7D6W,4,Pampa S. C.,"Good looks, good features, decent camera. Overall very good phone in that price tag."
on 20 April 2018,/gp/customer-reviews/R71HHLYI6EMPR?ASIN=B01DDP7D6W,1,Deependra Singh,"Mat Lena, price bhi jyada hai features ke according, mi y1 is much better"
on 8 July 2018,/gp/customer-reviews/R3G16EM59IZITD?ASIN=B01DDP7D6W,4,Bhachkan mukesh,Nice looking phone
on 21 June 2017,/gp/customer-reviews/R373UCXPEP1DPU?ASIN=B01DDP7D6W,5,Amazon Customer,"Best phone I am using from 1year,good performance."
date,url,rating,user,opinion
on 29 May 2018,/gp/customer-reviews/R298PGUYKX1JO2?ASIN=B01DDP7D6W,4,j.shanmugam,Good look and branded mobile..
on 5 April 2018,/gp/customer-reviews/R8TXSWT61KL4N?ASIN=B01DDP7D6W,5,Suryakant rai,Good
on 30 May 2018,/gp/customer-reviews/R2SGX7NJNHN1E0?ASIN=B01DDP7D6W,5,Amazon Customer,Very good and excellent
on 25 January 2017,/gp/customer-reviews/RNVVI48K6Q6NB?ASIN=B01DDP7D6W,5,Amazon Customer,Very nice Phone. User friendly. Should buy.
on 8 March 2018,/gp/customer-reviews/R302RFMAPFPE6P?ASIN=B01DDP7D6W,5,Amazon Customer,Nice phone
on 25 April 2018,/gp/customer-reviews/R3N3M1VZ27D5GC?ASIN=B01DDP7D6W,4,Amazon Customer,"good working, clear display, easy to access but only thing is low volume"
on 15 February 2018,/gp/customer-reviews/R1D5X2T1G1XH81?ASIN=B01DDP7D6W,4,Ayush B.,"Nice phone for this price better than oppo and vivo at this price nice processer, screen and toucj"
on 16 May 2018,/gp/customer-reviews/R29OCDXEZT01KW?ASIN=B01DDP7D6W,5,Mukto Rahama,Replaced
on 8 September 2017,/gp/customer-reviews/R8DKVKLB03FTA?ASIN=B01DDP7D6W,1,gopal,Sim slot 1 not working. Mobile Heated very much . Its look like amoze not concern about quality
on 18 May 2018,/gp/customer-reviews/R2QYYOWRJM6O3G?ASIN=B01DDP7D6W,3,deepak,I don't gate bill of the mobile . please share it on my mail id- sanger637@gmail.com.
date,url,rating,user,opinion
on 28 February 2017,/gp/customer-reviews/R1E26CSTAM5VZJ?ASIN=B01DDP7D6W,2,Ganesh Singh Adhikari,ok
on 9 April 2018,/gp/customer-reviews/R1L52XZTZIHMBF?ASIN=B01DDP7D6W,5,koushik roy,Great spec from samsung
on 2 November 2017,/gp/customer-reviews/R1H5TO2N709N07?ASIN=B01DDP7D6W,5,Munna Sharma,"It's very nice, working fine.  Thanks AMAZON for discount price."
on 15 September 2018,/gp/customer-reviews/R6VTHMLSG1R3Q?ASIN=B01DDP7D6W,5,Amazon Customer,Nice product
on 6 September 2018,/gp/customer-reviews/R1QSLC9TZW6LTT?ASIN=B01DDP7D6W,3,Moinulhaq,Nicematereal
on 5 September 2018,/gp/customer-reviews/R39OI9IT5QV393?ASIN=B01DDP7D6W,3,chaitanya raj,Its a budget phone in this price good for old age people
on 5 September 2018,/gp/customer-reviews/R390FHWS6LH1X7?ASIN=B01DDP7D6W,5,"Rabi kumar, Hyderabad","Best smart phone in samsung brand , It is a awsome phone"
on 22 February 2018,/gp/customer-reviews/R3DTUIRXHF2S93?ASIN=B01DDP7D6W,5,Hanamant H,"Good product, Samsung mobiles performance is good"
on 11 July 2018,/gp/customer-reviews/R3ME4JCOHGBUR2?ASIN=B01DDP7D6W,4,O P Arya,good
on 21 August 2018,/gp/customer-reviews/R2CHOANDXFPX16?ASIN=B01DDP7D6W,4,Giriraj Agrawal,Very good mobile on cost rs 6500 value for money
date,url,rating,user,opinion
on 14 May 2018,/gp/customer-reviews/R2HK46AIMGJOW0?ASIN=B01DDP7D6W,2,Amazon Customer,Its hangsNot a good phone
on 5 February 2018,/gp/customer-reviews/R1V1WZD8UTXDHO?ASIN=B01DDP7D6W,5,Ankit singh Rajput,ameging..value for money.mai 1 year se use kr rha hu.best performance.
on 26 July 2017,/gp/customer-reviews/R2RSTWE5SG9S2Y?ASIN=B01DDP7D6W,1,Amazon Customer,jio sim e valo chole na.jio not connect every time.
on 20 September 2018,/gp/customer-reviews/R1SAE6D5AKV9GQ?ASIN=B01DDP7D6W,2,mridula,I like this product but I hv not find headphone with this mobile phone..
on 7 April 2018,/gp/customer-reviews/R3JOVH3J0YT22H?ASIN=B01DDP7D6W,3,Abhu,Its a budget phone in low price. The only defect is that the charger is working very slow.
on 20 December 2017,/gp/customer-reviews/R1C4E9J999NWN?ASIN=B01DDP7D6W,4,Rajkamal,Good Product..
on 24 May 2018,/gp/customer-reviews/R31S71ECCQCAIX?ASIN=B01DDP7D6W,5,Sushil K.,Please do not purchase this product because this mobile is so slow.
on 9 February 2017,/gp/customer-reviews/R27GUCRN7BSRUX?ASIN=B01DDP7D6W,5,Sunanda Nayak,Good experience at a reasonable cost
on 1 June 2018,/gp/customer-reviews/R2ZKDODI2QOKV9?ASIN=B01DDP7D6W,3,Amazon Customer,"More Weight, Battery is for One day only, low price on this specifications"
on 9 July 2017,/gp/customer-reviews/R1K4YLHV3IHMZY?ASIN=B01DDP7D6W,4,Tausheef khan,thank you Amazon it's all because of you I get this phone in a very reasonable pricephone is very nice in this price range
date,url,rating,user,opinion
on 25 August 2018,/gp/customer-reviews/R210PNPO99N2TW?ASIN=B01DDP7D6W,5,Venky,Very good product as it is from Samsung.
on 22 September 2018,/gp/customer-reviews/R1PP2LE2KGAJD7?ASIN=B01DDP7D6W,5,Amazon Customer,So so
on 17 August 2016,/gp/customer-reviews/R1GKUZCG5Y65OC?ASIN=B01DDP7D6W,5,Lokesh ranjan,"Really nice phone with good camera quality,ram,memory etc in such low price."
on 29 January 2018,/gp/customer-reviews/R3EXHW45SKKAFB?ASIN=B01DDP7D6W,4,Ganesh G,Phone is good but VoLTE not support strongly
on 8 September 2018,/gp/customer-reviews/R1ZKI1T298J07F?ASIN=B01DDP7D6W,5,nagarajan m,Value of the money
on 29 April 2018,/gp/customer-reviews/RSM73U6MAG48Y?ASIN=B01DDP7D6W,1,Vasudeva G.,i didnt get earphones very bad product.camera quality is not that good
on 12 March 2018,/gp/customer-reviews/R1SFX7QSKG7EOK?ASIN=B01DDP7D6W,4,Laxmikant Sawant,Samsung on 7  not a 4g only 3g and 2g so please  change my handset.wrong handset  dilever me.
on 6 November 2017,/gp/customer-reviews/R1GMJHL2XGCWUU?ASIN=B01DDP7D6W,2,Brajendra,It is not 4g phone. It is 2g and 3g phone.its back camera is not in good quality. I want to change it.
on 19 July 2017,/gp/customer-reviews/R1L9DUOUEGJXZH?ASIN=B01DDP7D6W,5,raja,Good phone. I like it
on 29 April 2018,/gp/customer-reviews/R1RR2YR4Q59OW?ASIN=B01DDP7D6W,4,Baji Chimakurthi,Samsungon7progold is very good and cemaraclarity verypure and phone heating some times
date,url,rating,user,opinion
on 18 July 2018,/gp/customer-reviews/R2US2H01OKLR19?ASIN=B01DDP7D6W,5,Yogesh patel,Very Good phoneBest Brand for Samsung
on 9 April 2018,/gp/customer-reviews/R3FIMXD235AQNY?ASIN=B01DDP7D6W,5,Alokmay Ghosh,Enjoying it to my heart's content.
on 30 July 2018,/gp/customer-reviews/R1QZP227UNKYEF?ASIN=B01DDP7D6W,5,Vishal Kashyap,Bestest product for this price great customer service from Amazon
on 3 June 2018,/gp/customer-reviews/RQ0WZVYSLJHO2?ASIN=B01DDP7D6W,5,Amazon Customer,Good product &Best quality
on 18 April 2018,/gp/customer-reviews/R2SWZYJ7W2XVPE?ASIN=B01DDP7D6W,1,Sibai Mahanta,Very bad company of samsung. I request anybody dont purchasing  samsung Mobile.
on 29 August 2017,/gp/customer-reviews/R17M97G369HY9W?ASIN=B01DDP7D6W,1,Amazon Customer,PRICE NOT AS EXACTED COST VERY HIGH COMPARE TO OTHER
on 11 November 2017,/gp/customer-reviews/R3OSNVHP2TOZZQ?ASIN=B01DDP7D6W,1,Sanskar Singh Bhadouria,Dont buy it...waste of money.!!
on 25 September 2018,/gp/customer-reviews/R22S9YFQOSRE6X?ASIN=B01DDP7D6W,5,soha ali,Good
on 18 September 2018,/gp/customer-reviews/R3D41RIAG7KNHM?ASIN=B01DDP7D6W,5,Sharat,Nice
on 31 August 2018,/gp/customer-reviews/R2CB673RI5Z79G?ASIN=B01DDP7D6W,4,ravikumar,good
date,url,rating,user,opinion
on 13 April 2018,/gp/customer-reviews/R2NQTQRCK3XL97?ASIN=B01DDP7D6W,4,Amazon Customer,Good
on 8 June 2018,/gp/customer-reviews/R2ET98CIMXQFK3?ASIN=B01DDP7D6W,5,Dj1,Superv phone on low budget.super battery backup.
on 1 October 2017,/gp/customer-reviews/R3SI1XO9V6XJEY?ASIN=B01DDP7D6W,1,Bhagyalakshmi,not even a month being  speaker is not working
on 19 September 2017,/gp/customer-reviews/R1GJCXPBT3X8Z2?ASIN=B01DDP7D6W,3,harish deshmukh,This device takes too much time for charging....
on 14 June 2018,/gp/customer-reviews/R15NRK5NZDXKQG?ASIN=B01DDP7D6W,1,Mohit Kumar jha,worst product... display are not real and camera also not real... faltu product
on 12 March 2018,/gp/customer-reviews/R1N5TFMAEXUTN0?ASIN=B01DDP7D6W,1,latha,"Worst from amazon ..received defective phone, not working at all. Don't sell such product's."
on 26 February 2018,/gp/customer-reviews/R1K5MNMK3VZGW8?ASIN=B01DDP7D6W,5,MADHUKAR KAMATH,VERY GOOD SMART  PHONE  AT  THAT  PRICE
on 6 May 2018,/gp/customer-reviews/R26Q3D2TKY2YUJ?ASIN=B01DDP7D6W,5,reviewer dg,Good budget phone with good functions
on 10 September 2016,/gp/customer-reviews/R38C4V8C2BDTB0?ASIN=B01DDP7D6W,5,Sanjoy De,Excellent
on 10 July 2017,/gp/customer-reviews/R1K6NB122GKVDL?ASIN=B01DDP7D6W,4,Amazon Customer,Nice phone at this range
date,url,rating,user,opinion
on 6 August 2018,/gp/customer-reviews/R2GXCRABRMFT8X?ASIN=B01DDP7D6W,4,Girjesh Rao,Not any problem.... Until
on 14 December 2017,/gp/customer-reviews/R2PV8CXMXHI7QN?ASIN=B01DDP7D6W,5,Abhijit Talukdar,Works well. No glitches.
on 16 November 2016,/gp/customer-reviews/R3FN9D2RKD2VP2?ASIN=B01DDP7D6W,5,Amazon Customer,PERFECT PHONE WITH THE RANGE.BATTERY IS UPTO THE MARK AND SO IS THE FUNCTIONING. WILL RECOMMEND TO ANYONE LOOKING FOR A GOOD ANDRIOD IN THE RANGE OF 10K.
on 30 September 2018,/gp/customer-reviews/R1KK0LWB8KL9EA?ASIN=B01DDP7D6W,5,Vinodh kumar,Super product. Worth for money.
on 20 August 2018,/gp/customer-reviews/R1YNHU2COK00WC?ASIN=B01DDP7D6W,5,Bijay Pandey,Perfect one.At good priceThanks Amazonüëçüëç
on 13 August 2018,/gp/customer-reviews/R1U39C0CNN61RG?ASIN=B01DDP7D6W,4,Ashwin,"Like this slim phone very much, it's working perfectly"
on 27 September 2018,/gp/customer-reviews/R1PHYUTFJJNAOS?ASIN=B01DDP7D6W,5,gaurav sharma,Good phone... Very much satisfies...already taken 2 phones....
on 7 September 2018,/gp/customer-reviews/R1OVXWBVFLURPT?ASIN=B01DDP7D6W,3,RENEE RAJ,More features like fingerprint option could have been included
on 29 August 2017,/gp/customer-reviews/R3UBQRNHQJLZL5?ASIN=B01DDP7D6W,4,RAJA SHEKAR ITLA,mobile is handy. Good option if u don't want much internal memory.... satisfied with camera quality...
on 7 December 2016,/gp/customer-reviews/R1WSSMIBW2V8R1?ASIN=B01DDP7D6W,5,Monika,Loved itv
date,url,rating,user,opinion
on 1 November 2016,/gp/customer-reviews/R3ESRI919Q016L?ASIN=B01DDP7D6W,4,Amazon Customer,superb.... met out all the expectations... from toe to head....
on 4 October 2017,/gp/customer-reviews/R71PRQ14CY7GA?ASIN=B01DDP7D6W,1,Amazon Customer,"Mobile working is dead slow,  hanging problem"
on 29 April 2018,/gp/customer-reviews/R2MRDBXMR5IA9Y?ASIN=B01DDP7D6W,3,Amazon Customer,Last time I got headset in the pack. But this time headset not available in the pack.
on 13 September 2018,/gp/customer-reviews/R2A1PB83WBTG41?ASIN=B01DDP7D6W,1,Amazon Customer,Dislike Dislike Don't buy touch not proper work and quality is too low
on 25 June 2018,/gp/customer-reviews/R1QZ8X6OSZM0J5?ASIN=B01DDP7D6W,4,Sasikumar Palaniappan,Good
on 15 October 2017,/gp/customer-reviews/R1TZR1SP1E2UOH?ASIN=B01DDP7D6W,5,rahul,Nice phone... Working fine
on 7 April 2018,/gp/customer-reviews/R3TBMZF9HKA3JR?ASIN=B01DDP7D6W,4,Subrata Sarkar,Good phone but battery is not so only 3000mAh battery overall not bad.
on 4 June 2017,/gp/customer-reviews/R2YOF7XAQA86IB?ASIN=B01DDP7D6W,4,Amazon Customer,I'm having this phone but both the sim doesn't support LTE.I need to check my phone in samsung customer care center.
on 9 January 2017,/gp/customer-reviews/RZ9VP2NNUO8PL?ASIN=B01DDP7D6W,4,Amazon Customer,Best product from amazon. This samsung galaxy on7 pro is good mobile have 16 gb internal memory and 2 gb ram to give fast speed. Thanks amzon.
on 3 February 2017,/gp/customer-reviews/R1V8DWMWLN2V48?ASIN=B01DDP7D6W,5,Dip,amazing !
date,url,rating,user,opinion
on 26 July 2018,/gp/customer-reviews/R2PEKYE6Y3ZPEQ?ASIN=B01DDP7D6W,4,Amazon Customer,Good product in this range
on 20 October 2017,/gp/customer-reviews/R3AZTAECDOIAS8?ASIN=B01DDP7D6W,5,Sudhansu rajput,ok
on 15 June 2017,/gp/customer-reviews/R1MVJ98UNUR6HC?ASIN=B01DDP7D6W,5,Sharad pawar,This product is very nice......so that i want another product...
on 7 June 2017,/gp/customer-reviews/RUFYKMZPHGMP1?ASIN=B01DDP7D6W,5,A G SURESH,Good Product
on 22 March 2018,/gp/customer-reviews/RPZBJNVU6CUGZ?ASIN=B01DDP7D6W,2,edwin fernandes,The ear phones which are part of standard Accessories were missing from the box delivered.
on 27 January 2018,/gp/customer-reviews/R2PHVR9MXH4S3S?ASIN=B01DDP7D6W,4,Prakash,No major issues as of now.useful and worthy
on 1 January 2018,/gp/customer-reviews/R1F5XKZBVOBMHS?ASIN=B01DDP7D6W,4,Gulfam ansari,GULFAM Ansari..  Nice phone
on 23 June 2018,/gp/customer-reviews/R20Z2XG4XUL70U?ASIN=B01DDP7D6W,5,Hasib khan,Nice
on 2 February 2018,/gp/customer-reviews/R1W2HEK3HVWZFV?ASIN=B01DDP7D6W,2,Tina Aichh,Samsung on 7pro very bad mobile is mobile mobile koi bhai mat lenaüôè
on 12 March 2017,/gp/customer-reviews/R2FZ0ELQDT4UYQ?ASIN=B01DDP7D6W,5,J.P. Shukla,Very nice set.Thanks Amazon.
date,url,rating,user,opinion
on 13 March 2018,/gp/customer-reviews/RGYZBHVP1W9YS?ASIN=B01DDP7D6W,5,S.Arunachalam,Nice
on 4 October 2016,/gp/customer-reviews/R3PJ7857CNLTMS?ASIN=B01DDP7D6W,5,Amazon Customer,Best mobile in affordable range with best key features its never hangs bcos of 2gb ram and we can do anything in mobile it is successful product of samsung mobile..
on 4 December 2016,/gp/customer-reviews/RUDQ1P5HLA074?ASIN=B01DDP7D6W,5,naveen,One disadvantage is if low brithness then lighting will dim and light dim and light
on 7 March 2017,/gp/customer-reviews/RMTLETMYV905R?ASIN=B01DDP7D6W,4,RAHUL T GANGAWANE,Nice Mobile at 10k. Battery backup is good. No speedy internet compare J7. Camera Quality is not good.Rest all is good.
on 14 December 2016,/gp/customer-reviews/R3M377D5UI3GFK?ASIN=B01DDP7D6W,4,BITHIN PAL,"Nice handset. ...Camera quality as well as good as expected. Running smoothly. Sometimes gets hanged. But it's ok with it, that's very rare case."
on 2 August 2018,/gp/customer-reviews/R2NMI49HIXZW4H?ASIN=B01DDP7D6W,3,sudheer,5.5 inch screen is plus and camera is not good.
on 15 September 2018,/gp/customer-reviews/R1Q5IGIZGG1EH8?ASIN=B01DDP7D6W,5,Preeti Kurdekar,Good phone... Cost effective..
on 23 August 2018,/gp/customer-reviews/R1PIEVZMQPRZB6?ASIN=B01DDP7D6W,1,Rajeev p.,This phone is always hanging..
on 14 March 2018,/gp/customer-reviews/R2U4S8WXDGAHYG?ASIN=B01DDP7D6W,5,Sanober,"Very nice mobile, happy to buy this modelüëç"
on 24 August 2018,/gp/customer-reviews/R2AQ708XF5XJEO?ASIN=B01DDP7D6W,3,Remo,On7 Pro mobile is okay. Volume/sound could be better.
